play_id,fielder_id,fielder_position,runner_base,exit_speed,launch_angle,hit_distance,hangtime,start_pos_x,start_pos_y,caught_pos_x,caught_pos_y,fielder_throw_speed,runner_sprint_speed,runner_advance
SIM001,F001,CF,2,92.1,31.2,302.0,4.8,4.0,287.0,-12.0,301.0,94.2,28.4,0
SIM002,F002,RF,3,101.4,24.5,318.0,4.2,82.0,252.0,66.0,270.0,91.0,29.1,1
SIM003,F003,LF,2,86.7,38.0,274.0,5.4,-76.0,245.0,-61.0,260.0,88.5,27.8,1
SIM004,F001,CF,3,96.3,27.4,310.0,4.5,2.0,291.0,11.0,306.0,94.2,28.9,0
SIM005,F004,RF,2,89.8,42.1,281.0,5.8,79.0,249.0,88.0,265.0,97.3,28.0,0
SIM006,F005,LF,3,104.2,18.7,326.0,3.8,-83.0,248.0,-71.0,276.0,89.6,30.0,1
SIM007,F002,CF,2,94.0,33.6,299.0,4.9,1.0,284.0,-5.0,298.0,91.0,27.5,0
SIM008,F003,RF,3,98.8,22.3,315.0,4.1,80.0,251.0,73.0,273.0,88.5,29.7,1
SIM009,F004,LF,2,84.9,45.0,268.0,6.0,-78.0,244.0,-65.0,257.0,97.3,28.2,0
SIM010,F005,CF,3,107.1,16.4,332.0,3.5,0.0,289.0,18.0,312.0,89.6,30.2,1
SIM011,F001,RF,2,90.7,36.8,288.0,5.1,81.0,247.0,70.0,266.0,94.2,27.9,0
SIM012,F002,LF,3,99.5,25.9,317.0,4.3,-80.0,249.0,-68.0,274.0,91.0,29.4,1
